#
# TABLE DATA FOR: users
#

INSERT
	INTO
	`users` (`id`, `login`, `email`, `created_at`, `updated_at`)
VALUES 
	('1', 'culpa', 'kferry@example.com', '2020-11-09 13:25:24', '2020-02-09 17:10:47'),
	('2', 'aut', 'trantow.della@example.net', '2015-06-27 17:38:03', '2020-06-19 22:53:46'),
	('3', 'commodi', 'thaddeus26@example.net', '2011-07-10 05:10:27', '2014-03-31 08:52:01'),
	('4', 'debitis', 'bosco.araceli@example.com', '2013-06-14 14:09:26', '2011-04-08 20:32:14'),
	('5', 'et', 'cristina.vandervort@example.net', '2017-05-28 19:54:42', '2016-09-19 16:45:35'),
	('6', 'aliquam', 'donald99@example.com', '2016-02-19 10:33:58', '2012-11-16 12:39:54'),
	('7', 'qui', 'bo07@example.org', '2018-11-28 09:25:40', '2018-12-07 05:54:25'),
	('8', 'rem', 'gjenkins@example.com', '2019-03-12 10:53:43', '2019-12-24 17:23:21'),
	('9', 'repellendus', 'gleichner.princess@example.net', '2012-02-18 01:38:37', '2020-03-29 12:53:32'),
	('10', 'tempore', 'ike81@example.org', '2015-07-23 04:49:46', '2016-09-13 08:34:58'),
	('11', 'vitae', 'terry.valentine@example.com', '2015-06-30 00:41:31', '2020-04-06 03:54:46'),
	('12', 'natus', 'vgrimes@example.com', '2011-06-17 01:15:22', '2017-06-19 21:06:23'),
	('13', 'aut', 'friedrich.torphy@example.org', '2020-01-12 12:17:37', '2014-12-31 07:01:14'),
	('14', 'in', 'jaida27@example.net', '2014-08-24 08:28:17', '2013-08-16 14:35:18'),
	('15', 'quidem', 'hlowe@example.org', '2012-09-14 08:23:43', '2012-10-13 12:52:00'),
	('16', 'quia', 'sheldon.barton@example.net', '2017-06-13 02:23:18', '2020-07-21 05:54:54'),
	('17', 'dolores', 'irwin.howe@example.com', '2015-11-08 19:56:52', '2014-06-21 11:24:58'),
	('18', 'aliquid', 'camryn.herman@example.com', '2019-10-28 05:41:30', '2018-04-09 06:22:38'),
	('19', 'sint', 'nrunolfsson@example.com', '2014-07-24 20:15:06', '2019-09-08 21:18:07'),
	('20', 'ut', 'gabe36@example.com', '2016-03-03 11:16:22', '2020-10-10 04:34:27'),
	('21', 'id', 'anderson.sheldon@example.org', '2011-02-21 03:16:58', '2014-01-21 07:46:24'),
	('22', 'fugit', 'kris.freddy@example.net', '2016-12-14 16:46:40', '2019-05-23 15:51:50'),
	('23', 'occaecati', 'ushields@example.net', '2012-07-18 04:26:24', '2019-01-13 08:15:32'),
	('24', 'autem', 'lonzo10@example.com', '2016-04-12 18:49:33', '2012-03-15 02:12:52'),
	('25', 'voluptatem', 'jessyca.feil@example.com', '2011-08-03 02:29:53', '2013-05-18 02:16:42'),
	('26', 'eius', 'beatrice.haley@example.com', '2019-10-31 00:18:57', '2015-07-09 03:05:40'),
	('27', 'voluptatum', 'stehr.lonie@example.net', '2015-08-04 02:25:11', '2020-01-27 15:56:02'),
	('28', 'maxime', 'rdouglas@example.net', '2014-03-19 00:25:34', '2015-07-21 20:33:50'),
	('29', 'non', 'sandra47@example.com', '2020-11-22 03:06:22', '2011-09-03 17:34:23'),
	('30', 'amet', 'estrella15@example.net', '2011-09-17 19:43:55', '2012-02-11 21:44:01'),
	('31', 'rerum', 'nschowalter@example.org', '2017-03-22 23:11:32', '2014-05-14 20:39:32'),
	('32', 'et', 'spurdy@example.com', '2012-10-29 12:55:30', '2011-02-25 08:05:37'),
	('33', 'perferendis', 'xbayer@example.net', '2014-06-18 07:26:03', '2017-03-12 05:41:32'),
	('34', 'consectetur', 'jannie.graham@example.com', '2017-03-28 00:22:28', '2020-12-12 11:48:25'),
	('35', 'harum', 'tbeahan@example.net', '2012-10-26 06:08:21', '2018-09-14 03:43:17'),
	('36', 'doloribus', 'cbernhard@example.org', '2016-06-28 02:20:15', '2011-02-07 14:11:28'),
	('37', 'error', 'ulebsack@example.net', '2020-07-28 08:42:24', '2019-11-21 22:34:03'),
	('38', 'modi', 'abbott.einar@example.org', '2018-10-17 07:00:48', '2017-06-17 18:07:00'),
	('39', 'aut', 'edison.kozey@example.net', '2016-06-01 10:12:06', '2013-11-06 05:44:39'),
	('40', 'veniam', 'terrence.larson@example.com', '2015-08-02 21:07:30', '2015-08-10 05:12:15'),
	('41', 'dolorum', 'kaylie58@example.org', '2018-08-24 18:37:21', '2015-07-25 04:54:17'),
	('42', 'maxime', 'brooks.collins@example.com', '2011-08-04 21:17:05', '2014-10-26 13:25:43'),
	('43', 'voluptatum', 'glenda.boehm@example.net', '2012-01-15 21:29:33', '2015-08-05 22:10:44'),
	('44', 'tempore', 'nheidenreich@example.org', '2014-06-27 22:49:22', '2014-03-03 12:30:15'),
	('45', 'voluptatem', 'kailey44@example.org', '2013-10-01 15:23:38', '2011-03-18 10:01:45'),
	('46', 'dolor', 'eliane78@example.com', '2018-12-04 23:06:30', '2018-12-19 21:37:27'),
	('47', 'at', 'amina45@example.net', '2016-09-08 13:07:19', '2019-07-09 18:41:44'),
	('48', 'voluptates', 'ycummings@example.com', '2019-11-05 03:59:28', '2015-04-30 10:10:41'),
	('49', 'similique', 'slittle@example.com', '2013-03-25 05:45:13', '2014-02-27 12:48:47'),
	('50', 'et', 'arvel42@example.com', '2016-06-09 20:00:48', '2011-04-08 13:41:02');


#
# TABLE DATA FOR: countries
#

INSERT
	INTO
	`countries` (`id`, `country_name`, `created_at`, `updated_at`)
VALUES 
	('1', 'American Samoa', '2012-02-22 07:13:43', '2016-01-17 13:33:54'),
	('2', 'Bouvet Island (Bouvetoya)', '2018-06-01 06:44:30', '2014-05-02 07:37:28'),
	('3', 'Cameroon', '2019-06-11 06:51:43', '2011-02-16 04:15:19'),
	('4', 'Sao Tome and Principe', '2019-09-24 11:39:45', '2017-11-22 18:52:22'),
	('5', 'Iran', '2020-10-13 04:31:06', '2014-09-26 12:17:50'),
	('6', 'Korea', '2018-07-28 18:39:32', '2012-05-18 16:26:38'),
	('7', 'Jamaica', '2015-07-24 22:50:39', '2016-12-07 10:54:41'),
	('8', 'Andorra', '2013-12-08 11:58:30', '2012-03-05 13:49:34'),
	('9', 'Mongolia', '2013-06-18 03:54:51', '2016-12-06 14:10:03'),
	('10', 'Russian Federation', '2018-02-20 12:45:09', '2012-02-17 18:42:48'),
	('11', 'Portugal', '2013-02-10 23:24:29', '2012-08-19 19:51:46'),
	('12', 'Somalia', '2013-02-10 01:12:15', '2014-01-26 16:44:40'),
	('13', 'Myanmar', '2012-12-16 13:13:00', '2011-07-01 03:51:53'),
	('14', 'Monaco', '2011-10-02 17:10:31', '2014-02-27 13:28:58'),
	('15', 'Bosnia and Herzegovina', '2019-07-25 00:41:21', '2020-08-15 22:42:52'),
	('16', 'Chad', '2013-09-05 00:13:50', '2014-11-17 00:41:50'),
	('17', 'Palau', '2017-08-21 12:13:34', '2015-02-16 10:27:57'),
	('18', 'Djibouti', '2016-02-28 08:11:57', '2019-07-03 17:11:09'),
	('19', 'Guyana', '2017-08-21 21:16:39', '2017-11-19 06:30:44'),
	('20', 'India', '2014-05-17 04:23:44', '2014-08-25 18:26:28'),
	('21', 'Cambodia', '2017-06-10 22:21:32', '2011-03-26 00:22:30'),
	('22', 'Cayman Islands', '2012-10-05 23:22:53', '2017-04-30 06:53:05'),
	('23', 'French Guiana', '2016-05-20 12:21:01', '2016-07-11 11:13:24'),
	('24', 'Saint Lucia', '2017-02-25 17:29:13', '2012-12-17 07:02:14'),
	('25', 'Japan', '2018-08-19 05:24:58', '2018-01-24 06:27:13'),
	('26', 'Mozambique', '2020-12-02 03:49:06', '2012-03-20 15:21:44'),
	('27', 'Montenegro', '2013-05-04 03:30:47', '2016-01-28 01:54:11'),
	('28', 'Macedonia', '2013-07-29 17:54:33', '2011-05-28 09:27:52'),
	('29', 'Marshall Islands', '2013-05-06 04:59:25', '2017-06-12 15:14:39'),
	('30', 'Bahrain', '2020-03-22 14:30:56', '2019-06-13 01:38:24'),
	('31', 'United Kingdom', '2012-08-19 01:37:51', '2011-03-31 01:44:18'),
	('32', 'Panama', '2011-05-31 20:59:00', '2020-05-27 19:59:29'),
	('33', 'Armenia', '2016-05-23 03:31:49', '2011-06-29 14:09:43'),
	('34', 'South Georgia and the South Sandwich Islands', '2011-01-06 08:23:39', '2020-03-23 07:48:24'),
	('35', 'Slovakia (Slovak Republic)', '2013-06-27 14:27:26', '2016-08-24 19:20:59'),
	('36', 'Peru', '2011-02-15 02:43:56', '2017-05-03 09:45:19'),
	('37', 'Lao People\' s Democratic Republic', ' 2019-02-09 11:16:19 ', ' 2017-03-11 12:45:42 '),
	('38', ' Venezuela', ' 2012-01-27 04:09:08 ', ' 2020-02-24 12:25:08 '),
	('39', ' Rwanda', ' 2014-12-09 01:58:50 ', ' 2018-01-01 00:50:01 '),
	('40', ' Costa Rica', ' 2015-02-24 23:53:14 ', ' 2012-11-16 10:25:32 '),
	('41', ' Vanuatu', ' 2019-06-17 06:46:11 ', ' 2015-09-10 01:25:15 '),
	('42', ' Saint Barthelemy', ' 2014-04-22 21:13:30 ', ' 2017-06-01 22:33:34 '),
	('43', ' Ghana', ' 2016-12-08 23:25:51 ', ' 2012-06-18 15:02:10 '),
	('44', ' Bolivia', ' 2011-10-31 03:06:42 ', ' 2014-01-19 10:40:35 '),
	('45', ' Turkey', ' 2017-10-16 01:58:44 ', ' 2016-01-23 03:34:51 '),
	('46', ' Swaziland', ' 2011-12-27 05:22:05 ', ' 2014-10-24 21:40:29 '),
	('47', ' Papua New Guinea', ' 2018-07-01 02:10:58 ', ' 2020-11-29 23:36:14 '),
	('48', ' Tonga', ' 2017-12-05 18:56:25 ', ' 2020-06-21 05:14:32 '),
	('49', ' Macao', ' 2018-06-21 23:01:24 ', ' 2018-12-07 07:29:04 '),
	('50', ' Iraq', ' 2019-11-26 06:36:26 ', ' 2011-01-10 01:09:46');
	

#
# TABLE DATA FOR: cities
#

INSERT
	INTO
	`cities` (`id`, `city_name`, `created_at`, `updated_at`)
VALUES 
	('1', 'Reedside', '2012-03-18 21:00:14', '2019-01-28 22:25:35'),
	('2', 'Gerardhaven', '2018-04-04 23:45:06', '2016-11-26 18:26:31'),
	('3', 'Port Roman', '2013-12-05 17:12:27', '2015-02-15 01:52:36'),
	('4', 'East Sandraport', '2014-02-08 01:27:18', '2012-08-21 12:37:34'),
	('5', 'East Zoilamouth', '2020-02-03 19:26:29', '2020-10-24 06:16:16'),
	('6', 'Lake Maybelleville', '2020-03-26 04:02:17', '2015-04-16 04:42:05'),
	('7', 'Lemkemouth', '2016-08-01 20:50:38', '2014-06-14 09:01:41'),
	('8', 'Wuckertfort', '2015-10-15 10:20:37', '2017-06-04 22:54:27'),
	('9', 'New Aliza', '2012-04-01 06:53:10', '2014-05-11 02:16:43'),
	('10', 'Legrosfort', '2012-05-24 04:44:09', '2020-07-20 06:04:14'),
	('11', 'Devynmouth', '2016-11-03 15:22:18', '2011-10-07 11:30:57'),
	('12', 'South Kylerton', '2019-11-29 20:28:59', '2011-01-04 17:48:37'),
	('13', 'Johathanhaven', '2015-09-24 21:46:25', '2019-09-23 11:17:41'),
	('14', 'Gusikowskiton', '2016-01-23 09:17:17', '2016-04-12 00:58:50'),
	('15', 'North Aubrey', '2014-06-28 09:21:40', '2015-03-04 03:44:20'),
	('16', 'West Donavon', '2019-09-03 19:28:41', '2011-10-29 17:30:49'),
	('17', 'Kunzeberg', '2015-03-13 06:26:58', '2013-07-15 02:20:39'),
	('18', 'East Celestinoport', '2014-11-24 16:16:16', '2014-09-22 16:19:19'),
	('19', 'Lake Constancechester', '2017-11-18 03:08:08', '2019-01-30 05:48:21'),
	('20', 'Carriemouth', '2020-07-27 17:50:36', '2013-02-02 04:04:15'),
	('21', 'East Sallyborough', '2012-06-07 03:49:34', '2017-10-12 05:29:26'),
	('22', 'East Alisha', '2012-01-25 11:35:23', '2011-10-09 12:44:13'),
	('23', 'Port Mylenestad', '2019-01-26 09:05:07', '2014-10-08 06:17:00'),
	('24', 'South Schuyler', '2018-04-17 06:34:32', '2018-09-01 20:54:37'),
	('25', 'Stoltenberghaven', '2013-12-14 00:36:05', '2017-10-26 13:08:53'),
	('26', 'East Meaghanborough', '2018-06-04 11:06:29', '2018-05-05 14:42:52'),
	('27', 'North Elisha', '2018-12-02 14:52:52', '2011-03-27 12:24:16'),
	('28', 'South Amiraville', '2012-01-12 02:15:05', '2013-01-20 08:38:45'),
	('29', 'Elroyville', '2012-08-25 00:32:23', '2012-01-17 09:26:33'),
	('30', 'Theresialand', '2015-11-25 22:31:05', '2014-10-06 23:58:55'),
	('31', 'Lake Mekhi', '2016-04-08 16:46:13', '2019-03-28 00:54:11'),
	('32', 'North Noelmouth', '2016-01-14 08:33:59', '2017-02-18 20:50:57'),
	('33', 'East Lola', '2017-10-10 19:33:16', '2011-04-05 11:44:06'),
	('34', 'Lake Destanyberg', '2013-10-26 01:23:34', '2017-04-23 22:25:06'),
	('35', 'Beattymouth', '2014-01-17 13:11:23', '2013-12-03 06:44:53'),
	('36', 'Strosinhaven', '2018-04-26 05:03:12', '2020-11-09 16:08:07'),
	('37', 'Jaclynfort', '2012-07-02 21:40:32', '2017-05-10 01:49:39'),
	('38', 'Schusterport', '2013-07-31 09:29:59', '2012-03-16 21:00:30'),
	('39', 'Beierfort', '2016-02-21 20:45:07', '2019-01-20 21:39:06'),
	('40', 'South Howard', '2018-11-24 22:04:12', '2019-03-29 15:29:08'),
	('41', 'Saigeside', '2018-04-15 21:57:41', '2018-12-26 13:27:53'),
	('42', 'Augustport', '2016-11-17 09:13:57', '2016-07-29 10:36:13'),
	('43', 'Westfurt', '2016-07-17 10:54:28', '2019-04-13 14:18:26'),
	('44', 'Port Ayanaton', '2017-01-23 14:48:38', '2019-07-03 11:35:55'),
	('45', 'Port Darian', '2019-09-10 23:00:59', '2013-04-01 13:45:27'),
	('46', 'West Rose', '2016-01-30 15:27:21', '2019-05-06 11:08:18'),
	('47', 'Gibsonfurt', '2014-04-17 13:53:25', '2019-10-07 18:16:20'),
	('48', 'Dickensshire', '2019-01-12 10:43:52', '2020-08-09 04:36:49'),
	('49', 'New Gilbertborough', '2019-09-10 14:29:57', '2016-07-05 05:15:25'),
	('50', 'Lake Jaden', '2011-01-07 02:19:17', '2014-10-06 03:37:52');


#
# TABLE DATA FOR: profiles
#

INSERT
	INTO
	`profiles` (`user_id`, `first_name`, `last_name`, `birthday`, `gender`, `phone`, `country_id`, `city_id`, `created_at`, `updated_at`)
VALUES 
	('1', 'Wilson', 'Leuschke', '2006-05-09', 'male', '1-950-786-8150', '1', '1', '2015-12-14 15:55:28', '2016-03-05 00:48:38'),
	('2', 'Minerva', 'Rice', '1993-12-10', 'female', '120-993-6457', '2', '2', '2018-07-24 20:48:07', '2013-09-18 00:39:02'),
	('3', 'Bret', 'West', '1982-01-07', 'male', '05616039293', '3', '3', '2018-04-11 02:05:49', '2020-04-26 08:44:50'),
	('4', 'Genesis', 'Metz', '1993-10-21', 'male', '1-762-914-3441', '4', '4', '2016-10-23 10:02:42', '2013-07-28 21:47:27'),
	('5', 'Alessia', 'Turner', '1994-12-23', 'male', '1-564-415-3227', '5', '5', '2018-11-16 03:51:19', '2018-01-27 20:01:49'),
	('6', 'Gabe', 'Barrows', '1977-06-21', 'female', '265.275.9979x05351', '6', '6', '2015-08-30 20:09:03', '2011-12-23 01:23:35'),
	('7', 'Angel', 'Runolfsson', '1982-11-11', 'female', '(734)362-8776x9977', '7', '7', '2017-05-08 05:13:39', '2014-12-11 06:32:32'),
	('8', 'Reuben', 'Stark', '2015-02-08', 'female', '(047)735-0388x446', '8', '8', '2016-11-08 02:00:57', '2013-08-06 12:18:12'),
	('9', 'Marilie', 'Pollich', '1992-06-07', 'female', '095-817-4459x4534', '9', '9', '2019-04-04 22:36:23', '2019-06-13 18:22:26'),
	('10', 'Lon', 'Davis', '2009-10-01', 'female', '1-751-360-1937', '10', '10', '2018-12-20 07:23:36', '2017-08-07 05:51:12'),
	('11', 'Joan', 'Hudson', '2020-10-20', 'female', '1-944-812-9713', '11', '11', '2016-09-19 18:26:06', '2011-06-21 00:15:47'),
	('12', 'Bonita', 'Stokes', '2020-05-13', 'female', '(311)987-5376', '12', '12', '2018-10-17 18:45:58', '2020-08-07 01:09:56'),
	('13', 'Bette', 'Mueller', '1976-11-01', 'female', '1-016-550-9330', '13', '13', '2018-02-01 06:48:44', '2012-12-15 06:52:33'),
	('14', 'Jannie', 'Considine', '1985-08-23', 'female', '+47(7)7841698618', '14', '14', '2017-10-30 18:13:04', '2015-05-27 01:08:45'),
	('15', 'Bernadine', 'Halvorson', '1995-05-20', 'male', '1-853-610-7869', '15', '15', '2020-09-30 06:47:10', '2015-05-14 06:04:42'),
	('16', 'Vicenta', 'Connelly', '1990-12-13', 'male', '1-620-439-1422x8121', '16', '16', '2012-09-30 04:11:28', '2012-01-14 11:14:45'),
	('17', 'Dena', 'Schuppe', '1994-09-06', 'female', '151.669.9840x237', '17', '17', '2019-05-06 21:54:51', '2018-06-19 14:04:45'),
	('18', 'Claude', 'Runolfsson', '1980-06-01', 'female', '(892)381-2289', '18', '18', '2015-11-30 20:41:52', '2016-05-09 17:02:07'),
	('19', 'Logan', 'Kuvalis', '1977-05-11', 'male', '1-938-323-0988', '19', '19', '2016-12-13 14:10:42', '2015-02-03 04:44:54'),
	('20', 'David', 'Streich', '2014-12-13', 'male', '364.936.8432', '20', '20', '2011-11-02 00:50:25', '2011-05-12 23:25:45'),
	('21', 'Mikayla', 'Langworth', '1972-06-14', 'male', '1-877-989-8817', '21', '21', '2019-12-17 16:46:46', '2014-03-24 04:46:52'),
	('22', 'Keyshawn', 'Cassin', '1991-04-14', 'male', '225-919-2125x2052', '22', '22', '2017-02-14 15:05:52', '2018-02-01 19:40:51'),
	('23', 'Davion', 'Roob', '2009-11-19', 'male', '(716)148-8105', '23', '23', '2016-08-09 12:29:25', '2019-07-26 12:15:24'),
	('24', 'Kamille', 'Gibson', '1988-04-11', 'male', '1-878-604-9480x032', '24', '24', '2012-08-14 02:08:34', '2012-02-12 01:13:21'),
	('25', 'Keagan', 'Bednar', '1994-12-10', 'female', '337.421.2273x8832', '25', '25', '2015-02-04 14:06:38', '2010-12-31 07:14:30'),
	('26', 'Scotty', 'Beer', '1996-06-17', 'female', '894.609.4295x909', '26', '26', '2015-11-07 08:43:44', '2013-11-19 19:54:40'),
	('27', 'Trace', 'Hilll', '1974-12-14', 'female', '(026)269-6703', '27', '27', '2016-09-24 17:49:58', '2012-05-19 15:26:18'),
	('28', 'Larissa', 'Lebsack', '1975-08-06', 'female', '264-418-9915', '28', '28', '2011-11-19 22:24:13', '2013-08-14 12:13:09'),
	('29', 'Alexane', 'Mraz', '1977-08-20', 'male', '352.669.9764x50253', '29', '29', '2015-12-03 11:46:36', '2015-09-15 18:16:16'),
	('30', 'Cesar', 'Crooks', '1995-12-29', 'female', '+44(1)3234998561', '30', '30', '2017-01-04 04:40:11', '2013-07-05 03:50:37'),
	('31', 'Dusty', 'Hickle', '1988-05-02', 'female', '+15(7)7384936835', '31', '31', '2013-08-30 11:47:38', '2013-03-28 18:22:08'),
	('32', 'Leatha', 'Carroll', '1973-12-17', 'male', '538-382-0977', '32', '32', '2011-04-03 09:28:23', '2019-08-25 13:19:08'),
	('33', 'Harley', 'Wiegand', '1988-02-21', 'male', '(747)398-3327', '33', '33', '2016-12-03 16:47:22', '2020-05-05 17:16:02'),
	('34', 'Donald', 'Lubowitz', '1976-03-02', 'male', '986.853.5216x02222', '34', '34', '2020-03-05 07:07:37', '2014-11-09 14:35:00'),
	('35', 'Taurean', 'Gislason', '2008-10-14', 'female', '338.062.9181x07519', '35', '35', '2013-06-02 22:20:33', '2011-07-08 01:00:23'),
	('36', 'Ryann', 'Schneider', '1992-09-11', 'female', '730-986-1379', '36', '36', '2020-12-11 12:41:47', '2017-10-16 01:03:25'),
	('37', 'Bradley', 'Nitzsche', '2008-12-28', 'male', '(115)531-8877x1387', '37', '37', '2014-07-30 23:21:42', '2014-03-31 23:48:57'),
	('38', 'Holden', 'Schoen', '1991-12-15', 'male', '1-220-698-4252', '38', '38', '2014-10-25 00:17:54', '2014-12-15 09:25:32'),
	('39', 'Tia', 'Ratke', '1975-12-01', 'male', '01122200806', '39', '39', '2015-05-17 12:08:15', '2011-08-21 03:40:05'),
	('40', 'Mohammed', 'Cronin', '1996-05-18', 'female', '776.274.2917', '40', '40', '2012-02-06 18:20:08', '2011-05-20 11:42:30'),
	('41', 'Anya', 'Kris', '2003-05-14', 'female', '+04(5)9786459669', '41', '41', '2012-12-09 22:33:07', '2014-06-14 02:27:17'),
	('42', 'Michele', 'Christiansen', '2014-06-29', 'female', '(767)265-7043x58275', '42', '42', '2017-12-15 23:08:32', '2011-05-07 18:28:21'),
	('43', 'Jermain', 'Mertz', '2019-08-03', 'male', '087-370-6801', '43', '43', '2016-01-19 10:19:41', '2011-03-16 10:31:14'),
	('44', 'Anabelle', 'Wuckert', '2017-05-14', 'male', '363-825-8009x066', '44', '44', '2020-07-06 01:21:50', '2019-04-19 23:03:47'),
	('45', 'Jackie', 'Bailey', '1993-03-25', 'female', '(590)773-0925', '45', '45', '2018-07-02 04:15:01', '2012-12-08 10:32:57'),
	('46', 'Omer', 'Feil', '2010-12-18', 'male', '(770)780-5546', '46', '46', '2016-12-29 10:07:11', '2016-11-20 05:25:07'),
	('47', 'Lon', 'Powlowski', '2019-03-05', 'male', '+55(8)5608497524', '47', '47', '2018-05-14 05:28:13', '2019-04-11 09:52:05'),
	('48', 'Nyasia', 'Heaney', '1991-03-05', 'male', '227.686.3184x624', '48', '48', '2019-07-05 22:26:10', '2011-09-04 12:00:38'),
	('49', 'Evan', 'Corkery', '1985-12-10', 'male', '(694)880-3925x472', '49', '49', '2016-02-22 22:08:16', '2011-07-11 13:10:02'),
	('50', 'Thalia', 'Wisoky', '1993-10-03', 'female', '1-887-421-5750x91495', '50', '50', '2019-02-18 22:18:59', '2020-11-06 02:30:00');


#
# TABLE DATA FOR: user_avatar
#

INSERT
	INTO
	`user_avatar` (`user_id`, `path_to_file`, `file_size`, `metadata`)
VALUES 
	(1, 'http://www.example.com/demo-image.jpg', 665, '{"random": 41, "random float": 93.818, "bool": false, "date": "1981-01-11", "regEx": "hellooooooooooooooooooooooooooooooooo world", "enum": "online", "firstname": "Phedra", "lastname": "Dorine", "city": "Faisalabad", "country": "Reunion", "countryCode": "SL"}'),
	(3, 'http://www.example.com/my-image.jpg', 66, '{ "random": 1, "random float": 66.947, "bool": false, "date": "1988-09-08", "regEx": "hello world", "enum": "json", "firstname": "Candi", "lastname": "Radu", "city": "Leipzig", "country": "Namibia", "countryCode": "GQ" }'),
	(2, 'http://www.example.com/my-avatar.jpeg', 626, '{ "random": 91, "random float": 51.539, "bool": false, "date": "1983-12-02", "regEx": "hello to you", "enum": "json", "firstname": "Latisha", "lastname": "Orpah", "city": "Sana\' a", " country": " Russian Federation", " countryCode": " KH" }'),
	(4, 'http://www.example.com/myavatar.jpeg', 36, '{ " random": 191, " random float": 251.539, " bool": false, " date": " 1933-12-02 ", " regEx": " hello to you", " enum": " json", " firstname": " Latisha", " lastname": " Orpah", " city": " Sana\'a", "country": "Russian Federation", "countryCode": "KH" }'),
	(5, 'http://www.example.com/myavatar7.jpeg', 356, '{ "random": 191, "random float": 251.5539, "bool": false, "date": "1933-12-02", "regEx": "hello to yoreru", "enum": "json", "firstname": "Latisha", "lastname": "Orpah", "city": "Sana\' a", " country": " Russian Federation", " countryCode": " KH" }'),
	(6, 'http://www.example.com/myavatar6.jpeg', 386, '{ " random": 191, " random float": 251.5539, " bool": false, " date": " 1933-12-02 ", " regEx": " hello to yoreru", " enum": " json", " firstname": " Latisha", " lastname": " Orpah", " city": " Sana\'a", "country": "Russian Federation", "countryCode": "KH" }'),
	(7, 'http://www.example.com/myavatar5.jpeg', 436, '{ "random": 191, "random float": 251.5539, "bool": false, "date": "1933-12-02", "regEx": "hello to yoreru", "enum": "json", "firstname": "Latisha", "lastname": "Orpah", "city": "Sana\' a", " country": " Russian Federation", " countryCode": " KH" }'),
	(8, 'http://www.example.com/myavatar4.jpeg', 336, '{ " random": 191, " random float": 251.5539, " bool": false, " date": " 1933-12-02 ", " regEx": " hello to yoreru", " enum": " json", " firstname": " Latisha", " lastname": " Orpah", " city": " Sana\'a", "country": "Russian Federation", "countryCode": "KH" }'),
	(9, 'http://www.example.com/myavatar3.jpeg', 136, '{ "random": 191, "random float": 251.5539, "bool": false, "date": "1933-12-02", "regEx": "hello to yoreru", "enum": "json", "firstname": "Latisha", "lastname": "Orpah", "city": "Sanaa", "country": "Russian Federation", "countryCode": "KH" }'),
	(10, 'http://www.example.com/myavatar2.jpeg', 326, '{ "random": 191, "random float": 251.5539, "bool": false, "date": "1933-12-02", "regEx": "hello to yoreru", "enum": "json", "firstname": "Latisha", "lastname": "Orpah", "city": "Sanaa", "country": "Russian Federation", "countryCode": "KH" }'),
	(11, 'http://www.example.com/myavatar1.jpeg', 34, NULL),
	(12, 'http://www.example.com/myavatar8.jpeg', 656, '{ "random": 191, "random float": 251.5539, "bool": false, "date": "1933-12-02", "regEx": "hello to yoreru", "enum": "json", "firstname": "Latisha", "lastname": "Orpah", "city": "Sanaa", "country": "Russian Federation", "countryCode": "KH" }'),
	(13, 'http://www.example.com/myavatar9.jpeg', 35, '{ "random": 191, "random float": 251.5539, "bool": false, "date": "1933-12-02", "regEx": "hello to yoreru", "enum": "json", "firstname": "Latisha", "lastname": "Orpah", "city": "Sanaa", "country": "Russian Federation", "countryCode": "KH" }'),
	(14, 'http://www.example.com/myavatar10.jpeg', 234, NULL),
	(15, 'http://www.example.com/myavatar11.jpeg', 456, '{ "random": 191, "random float": 251.5539, "bool": false, "date": "1933-12-02", "regEx": "hello to yoreru", "enum": "json", "firstname": "Latisha", "lastname": "Orpah", "city": "Sana\' a", " country": " Russian Federation", " countryCode": " KH" }'),
	(16, 'http://www.example.com/myavatar12.jpeg', 2341, '{ " random": 54, " random float": 92.313, " bool": true, " date": " 1999-01-13 ", " regEx": " hello world", " enum": " json", " firstname": " Ekaterina", " lastname": " Velick", " city": " George Town", " country": " Saint Pierre and Miquelon", " countryCode": " TO " }'),
	(17, 'http://www.example.com/myavatar13.jpeg', 345, '{ " random": 191, " random float": 251.5539, " bool": false, " date": " 1933-12-02 ", " regEx": " hello to yoreru", " enum": " json", " firstname": " Latisha", " lastname": " Orpah", " city": " George Town", " country": " Russian Federation", " countryCode": " KH" }'),
	(18, 'http://www.example.com/myavatar14.jpeg', 234, '{ " random": 191, " random float": 251.5539, " bool": false, " date": " 1933-12-02 ", " regEx": " hello to yoreru", " enum": " json", " firstname": " Latisha", " lastname": " Orpah", " city": " George Town", " country": " Russian Federation", " countryCode": " KH" }'),
	(19, 'http://www.example.com/myavatar15.jpeg', 456, NULL),
	(20, 'http://www.example.com/myavatar16.jpeg', 7657, '{ " random": 191, " random float": 251.5539, " bool": false, " date": " 1933-12-02 ", " regEx": " hello to yoreru", " enum": " json", " firstname": " Latisha", " lastname": " Orpah", " city": " Sana\'a", "country": "Russian Federation", "countryCode": "KH" }'),
	(21, 'http://www.example.com/myavatar17.jpeg', 234, '{ "random": 191, "random float": 251.5539, "bool": false, "date": "1933-12-02", "regEx": "hello to yoreru", "enum": "json", "firstname": "Latisha", "lastname": "Orpah", "city": "Sana\' a", " country": " Russian Federation", " countryCode": " KH" }'),
	(22, 'http://www.example.com/myavatar18.jpeg', 245, '{ " random": 67, " random float": 61.262, " bool": false, " date": " 1992-03-17 ", " regEx": " hello world", " enum": " online", " firstname": " Ivett", " lastname": " Fleeta", " city": " Lobamba", " country": " Poland", " countryCode": " GD" }'),
	(23, 'http://www.example.com/myavatar19.jpeg', 456, '{ " random": 191, " random float": 251.5539, " bool": false, " date": " 1933-12-02 ", " regEx": " hello to yoreru", " enum": " json", " firstname": " Latisha", " lastname": " Orpah", " city": " Sana\'a", "country": "Russian Federation", "countryCode": "KH" }'),
	(24, 'http://www.example.com/myavatar20.jpeg', 122, '{ "random": 191, "random float": 251.5539, "bool": false, "date": "1933-12-02", "regEx": "hello to yoreru", "enum": "json", "firstname": "Latisha", "lastname": "Orpah", "city": "Sana\' a", " country": " Russian Federation", " countryCode": " KH" }'),
	(25, 'http://www.example.com/myavatar21.jpeg', 234, '{ " random": 191, " random float": 251.5539, " bool": false, " date": " 1933-12-02 ", " regEx": " hello to yoreru", " enum": " json", " firstname": " Latisha", " lastname": " Orpah", " city": " Sana\'a", "country": "Russian Federation", "countryCode": "KH" }'),
	(26, 'http://www.example.com/myavatar22.jpeg', 455, NULL),
	(27, 'http://www.example.com/myavatar23.jpeg', 456, '{ "random": 191, "random float": 251.5539, "bool": false, "date": "1933-12-02", "regEx": "hello to yoreru", "enum": "json", "firstname": "Latisha", "lastname": "Orpah", "city": "Sana\' a", " country": " Russian Federation", " countryCode": " KH" }'),
	(28, 'http://www.example.com/myavatar24.jpeg', 234, '{ " random": 191, " random float": 251.5539, " bool": false, " date": " 1933-12-02 ", " regEx": " hello to yoreru", " enum": " json", " firstname": " Latisha", " lastname": " Orpah", " city": " Sana\'a", "country": "Russian Federation", "countryCode": "KH" }'),
	(29, 'http://www.example.com/myavatar25.jpeg', 12, '{ "random": 191, "random float": 251.5539, "bool": false, "date": "1933-12-02", "regEx": "hello to yoreru", "enum": "json", "firstname": "Latisha", "lastname": "Orpah", "city": "Sana\' a", " country": " Russian Federation", " countryCode": " KH" }'),
	(30, 'http://www.example.com/myavatar26.jpeg', 323, NULL),
	(31, 'http://www.example.com/myavatar27.jpeg', 45, '{ " random": 191, " random float": 251.5539, " bool": false, " date": " 1933-12-02 ", " regEx": " hello to yoreru", " enum": " json", " firstname": " Latisha", " lastname": " Orpah", " city": " Sana\'a", "country": "Russian Federation", "countryCode": "KH" }'),
	(32, 'http://www.example.com/myavatar28.jpeg', 34, '{ "random": 191, "random float": 251.5539, "bool": false, "date": "1933-12-02", "regEx": "hello to yoreru", "enum": "json", "firstname": "Latisha", "lastname": "Orpah", "city": "Sana\' a", " country": " Russian Federation", " countryCode": " KH" }'),
	(33, 'http://www.example.com/myavatar29.jpeg', 56, '{ " random": 191, " random float": 251.5539, " bool": false, " date": " 1933-12-02 ", " regEx": " hello to yoreru", " enum": " json", " firstname": " Latisha", " lastname": " Orpah", " city": " Sana\'a", "country": "Russian Federation", "countryCode": "KH" }'),
	(34, 'http://www.example.com/myavatar30.jpeg', 35, '{ "random": 191, "random float": 251.5539, "bool": false, "date": "1933-12-02", "regEx": "hello to yoreru", "enum": "json", "firstname": "Latisha", "lastname": "Orpah", "city": "Sana\' a", " country": " Russian Federation", " countryCode": " KH" }'),
	(35, 'http://www.example.com/myavatar31.jpeg', 56, '{ " random": 191, " random float": 251.5539, " bool": false, " date": " 1933-12-02 ", " regEx": " hello to yoreru", " enum": " json", " firstname": " Latisha", " lastname": " Orpah", " city": " Sana\'a", "country": "Russian Federation", "countryCode": "KH" }'),
	(36, 'http://www.example.com/myavatar32.jpeg', 234, '{ "random": 191, "random float": 251.5539, "bool": false, "date": "1933-12-02", "regEx": "hello to yoreru", "enum": "json", "firstname": "Latisha", "lastname": "Orpah", "city": "Sana\' a", " country": " Russian Federation", " countryCode": " KH" }'),
	(37, 'http://www.example.com/myavatar33.jpeg', 23, '{ " random": 191, " random float": 251.5539, " bool": false, " date": " 1933-12-02 ", " regEx": " hello to yoreru", " enum": " json", " firstname": " Latisha", " lastname": " Orpah", " city": " Sana\'a", "country": "Russian Federation", "countryCode": "KH" }'),
	(38, 'http://www.example.com/myavatar34.jpeg', 123, '{ "random": 191, "random float": 251.5539, "bool": false, "date": "1933-12-02", "regEx": "hello to yoreru", "enum": "json", "firstname": "Latisha", "lastname": "Orpah", "city": "Sana\' a", " country": " Russian Federation", " countryCode": " KH" }'),
	(39, 'http://www.example.com/myavatar35.jpeg', 34, '{ " random": 191, " random float": 251.5539, " bool": false, " date": " 1933-12-02 ", " regEx": " hello to yoreru", " enum": " json", " firstname": " Latisha", " lastname": " Orpah", " city": " Sana\'a", "country": "Russian Federation", "countryCode": "KH" }'),
	(40, 'http://www.example.com/myavatar36.jpeg', 45, '{ "random": 191, "random float": 251.5539, "bool": false, "date": "1933-12-02", "regEx": "hello to yoreru", "enum": "json", "firstname": "Latisha", "lastname": "Orpah", "city": "Sana\' a", " country": " Russian Federation", " countryCode": " KH" }'),
	(41, 'http://www.example.com/myavatar37.jpeg', 56, '{ " random": 191, " random float": 251.5539, " bool": false, " date": " 1933-12-02 ", " regEx": " hello to yoreru", " enum": " json", " firstname": " Latisha", " lastname": " Orpah", " city": " Sana\'a", "country": "Russian Federation", "countryCode": "KH" }'),
	(42, 'http://www.example.com/myavatar38.jpeg', 34, '{ "random": 1931, "random float": 251.5539, "bool": false, "date": "1953-12-02", "regEx": "hello to yore324ru", "enum": "json", "firstname": "Latisha", "lastname": "Orpah", "city": "Sana\' a", " country": " Russian Federation", " countryCode": " KH" }'),
	(43, 'http://www.example.com/myavatar39.jpeg', 13, '{ " random": 1491, " random float": 251.54539, " bool": true, " date": " 1933-12-02 ", " regEx": " hellfgo to yoreru", " enum": " json", " firstname": " Latisha", " lastname": " Orpah", " city": " Sana\'a", "country": "Russian Federation", "countryCode": "KH" }'),
	(44, 'http://www.example.com/myavatar40.jpeg', 54, NULL);


#
# TABLE DATA FOR: age_limits
#

INSERT
	INTO
	`age_limits` (`age_limit`)
VALUES 
	('G'),
	('PG'),
	('PG-13'),
	('PG-15'),
	('R'),
	('NC-17'),
	('U');


#
# TABLE DATA FOR: media_type
#


INSERT
	INTO
	`media_type` (`id`, `name`, `created_at`, `updated_at`)
VALUES 
	(1, 'photo', '2019-10-08 23:50:57', '2020-10-15 12:12:17'),
	(2, 'video', '2013-01-14 17:08:33', '2018-01-02 06:55:43'),
	(3, 'teaser', '2017-05-25 05:56:43', '2017-05-25 05:56:43');


#
# TABLE DATA FOR: media
#

INSERT
	INTO
	`media` (`id`, `media_type_id`, `path_to_file`, `file_size`, `metadata`, `created_at`, `updated_at`)
VALUES 
	('1', 2, 'http://www.example.com/film1.avi', 8609416, '{ "random": 8, "random float": 52.93, "bool": false, "date": "1987-08-04", "regEx": "hello to you", "enum": "json", "firstname": "Mariann", "lastname": "Lane", "city": "Frankfurt", "country": "Fiji", "countryCode": "MS" }', '2011-03-17 02:54:00', '2015-11-13 04:22:14'),
	('2', 2, 'http://www.example.com/film2.mpeg', 297456, NULL, '2015-12-25 07:21:11', '2020-01-21 23:49:50'),
	('3', 2, 'http://www.example.com/film3.mkv', 0, NULL, '2012-04-23 19:51:04', '2018-09-22 18:53:02'),
	('4', 3, 'http://www.example.com/film4.wmv', 0, NULL, '2017-07-01 13:56:54', '2018-06-25 10:03:55'),
	('5', 3, 'http://www.example.com/film5.avi', 478, NULL, '2017-02-26 04:57:32', '2013-07-24 19:54:17'),
	('6', 2, 'http://www.example.com/film6.avi', 35914738, '{ "random": 8, "random float": 52.93, "bool": true, "date": "1987-08-04", "regEx": "hello tewro you", "enum": "json", "firstname": "Mariann", "lastname": "Lane", "city": "Frankfurt", "country": "Fiji", "countryCode": "MS" }', '2015-05-07 13:11:22', '2013-10-16 19:09:54'),
	('7', 3, 'http://www.example.com/film7.avi', 0, NULL, '2013-09-09 21:49:11', '2020-04-14 06:15:23'),
	('8', 1, 'http://www.example.com/film8.jpeg', 40794359, NULL, '2019-05-17 10:05:37', '2012-01-31 07:51:18'),
	('9', 2, 'http://www.example.com/film9.avi', 609478, '{ "random": 834, "random float": 5234.93, "bool": false, "date": "1987-08-04", "regEx": "hello to you", "enum": "json", "firstname": "Mariann", "lastname": "Lane", "city": "Frankfurt", "country": "Fiji", "countryCode": "MS" }', '2020-06-29 07:01:12', '2013-04-21 05:10:36'),
	('10', 2, 'http://www.example.com/film10.avi', 9651990, NULL, '2015-10-22 14:28:57', '2017-11-29 04:23:02'),
	('11', 2, 'http://www.example.com/film11.mp4', 4286, NULL, '2019-06-12 11:08:03', '2016-10-23 06:37:18'),
	('12', 3, 'http://www.example.com/film12.mp4', 42583, NULL, '2019-01-30 21:32:18', '2014-11-20 08:10:17'),
	('13', 1, 'http://www.example.com/film13.jpeg', 206, '{ "random": 8, "random float": 52.93, "bool": true, "date": "1947-08-04", "regEx": "hello tt345o you", "enum": "json", "firstname": "Marerttiann", "lastname": "Lane", "city": "Frankfurt", "country": "Fitrytji", "countryCode": "MS" }', '2011-02-27 09:37:54', '2013-10-29 00:01:59'),
	('14', 2, 'http://www.example.com/film14.mpeg', 46000, NULL, '2012-03-23 09:49:18', '2019-09-01 18:54:03'),
	('15', 2, 'http://www.example.com/film15.avi', 21421780, NULL, '2015-01-12 14:57:17', '2016-07-25 15:41:04'),
	('16', 2, 'http://www.example.com/film16.mp4', 18, NULL, '2012-08-24 13:55:31', '2011-04-12 16:34:38'),
	('17', 1, 'http://www.example.com/film17.jpeg', 778825, NULL, '2017-10-31 12:33:05', '2012-11-17 23:33:26'),
	('18', 1, 'http://www.example.com/film18.jpeg', 51925, NULL, '2014-05-08 23:19:52', '2013-08-07 03:06:18'),
	('19', 3, 'http://www.example.com/film19.mpeg', 21475230, '{ "random": 128, "random float": 532.93, "bool": false, "date": "1957-08-04", "regEx": "hello to you", "enum": "json", "firstname": "Mariann", "lastname": "Lane", "city": "Frankfurt", "country": "Fiji", "countryCode": "MS" }', '2013-07-17 02:03:10', '2014-08-13 20:58:21'),
	('20', 2, 'http://www.example.com/film20.avi', 61167, NULL, '2019-03-10 13:35:49', '2012-12-07 23:03:05'),
	('21', 2, 'http://www.example.com/film21.mpeg', 93210894, NULL, '2012-04-06 19:26:47', '2015-07-20 08:46:21'),
	('22', 3, 'http://www.example.com/film22.avi', 55916925, NULL, '2018-08-29 20:19:03', '2018-06-20 23:52:07'),
	('23', 3, 'http://www.example.com/film23.mpeg', 919, NULL, '2010-12-26 17:26:55', '2014-08-29 09:04:19'),
	('24', 1, 'http://www.example.com/film24.jpeg', 7, NULL, '2019-08-27 16:04:32', '2018-11-17 17:04:07'),
	('25', 2, 'http://www.example.com/film25.mpeg', 27863, NULL, '2012-10-25 16:07:41', '2019-09-13 14:46:28'),
	('26', 2, 'http://www.example.com/film26.avi', 604478, '{ "random": 834, "random float": 5234.93, "bool": false, "date": "1987-08-04", "regEx": "hello to you", "enum": "json", "firstname": "Mariann", "lastname": "Lane", "city": "Frankfurt", "country": "Fiji", "countryCode": "MS" }', '2020-06-29 07:01:12', '2013-04-21 05:10:36'),
	('27', 2, 'http://www.example.com/film27.avi', 609473, '{ "random": 834, "random float": 5234.93, "bool": false, "date": "1987-08-04", "regEx": "hello to you", "enum": "json", "firstname": "Mariann", "lastname": "Lane", "city": "Frankfurt", "country": "Fiji", "countryCode": "MS" }', '2020-06-29 07:01:12', '2013-04-21 05:10:36'),
	('28', 2, 'http://www.example.com/film28.avi', 60378, '{ "random": 834, "random float": 5234.93, "bool": false, "date": "1987-08-04", "regEx": "hello to you", "enum": "json", "firstname": "Mariann", "lastname": "Lane", "city": "Frankfurt", "country": "Fiji", "countryCode": "MS" }', '2020-06-29 07:01:12', '2013-04-21 05:10:36');


#
# TABLE DATA FOR: films
#

INSERT
	INTO
	`films` (`id`, `film_name`, `is_cartoon`, `price_for_rent`, `price_for_lifetime`, `age_limit_id`, `year_of_release`, `overall_votes`, `number_of_points`, `description`)
VALUES 
	('1', 'omnis', 1, NULL, NULL, 1, '2007', '0', '0', 'Ipsam minima nihil optio natus sint ut. Modi qui consectetur harum vel eligendi id illum eos. Aut ratione quibusdam error incidunt dolores.'),
	('2', 'doloremque', 1, '292.51', '2920.51', 3, '2000', '0', '0', 'Quibusdam dolor incidunt vero voluptate qui. Voluptas aut ea qui ducimus nulla molestiae.'),
	('3', 'laboriosam', 0, '790.90', '990.90', 2, '1989', '0', '0', 'Consequuntur quia possimus in illo doloremque consequatur. Minus placeat cumque fugiat dolorem rerum nostrum dolor. Praesentium quod molestiae facere facilis eaque voluptas animi. Ut dolorem reprehenderit soluta blanditiis.'),
	('4', 'sit', 1, NULL, NULL, 5, '1977', '0', '0', 'Sunt aperiam explicabo laborum laudantium praesentium. Dignissimos a aspernatur maxime enim. Qui iste omnis mollitia minima ut adipisci vero. Aut nihil enim nisi.'),
	('5', 'facere', 0, '465.94', '1465.94', 4, '1981', '0', '0', 'In aut ab est omnis consectetur voluptatem. Deleniti sunt odit laborum quo iure iste. Et sed consectetur sed voluptate molestiae dolorem. Fugiat praesentium officia omnis tenetur doloremque.'),
	('6', 'iusto', 1, '724.00', '924.30', 5, '1976', '0', '0', 'Voluptatum deserunt debitis dolores aut atque. Ut maiores iure dicta recusandae blanditiis. Praesentium commodi in voluptatibus ab ea non sequi voluptatem. Sunt illum eveniet nobis.'),
	('7', 'rerum', 0, '965.27', '1565.22', 6, '1987', '0', '0', 'Non quidem asperiores recusandae quam quam nisi recusandae. Et repellat excepturi dolor architecto. Corporis eius molestiae eaque ducimus cupiditate mollitia.'),
	('8', 'et', 0, '386.96', '1336.43', 7, '1989', '0', '0', 'Perspiciatis rerum dolore et harum. Et omnis aut necessitatibus voluptatem hic. Est autem est quia et. Quae consequuntur mollitia occaecati nihil nam rerum.'),
	('9', 'consectetur', 0, '829.96', '999.99', 1, '2013', '0', '0', 'Voluptas ut incidunt neque. Minus tenetur possimus occaecati consequatur.');


#
# TABLE DATA FOR: movies
#

INSERT
	INTO
	`movies` (`film_id`, `media_id`, `duration`)
VALUES 
	('1', '1', '01:14:14'),
	('2', '2', '03:14:14'),
	('3', '3', '02:15:14'),
	('1', '4', '00:04:14'),
	('2', '5', '00:06:16'),
	('4', '6', '02:14:14'),
	('4', '7', '00:10:00'),
	('1', '8', NULL),
	('5', '9', '01:24:00'),
	('6', '10', '01:58:14'),
	('7', '11', '02:14:14'),
	('7', '12', '00:02:03'),
	('6', '19', '00:03:03'),
	('5', '22', '00:04:00');


#
# TABLE DATA FOR: serials
#

INSERT
	INTO
	`serials` (`film_id`, `media_id`, `series_num`, `season_num`, `duration`)
VALUES 
	('8', '13', 1, 1, NULL),
	('8', '14', 1, 1, '0:42:14'),
	('8', '15', 2, 1, '00:41:24'),
	('9', '16', 1, 1, '01:00:14'),
	('9', '17', 1, 1, NULL),
	('8', '18', 2, 1, NULL),
	('8', '20', 3, 1, '00:59:29'),
	('8', '21', 1, 2, '01:25:10'),
	('9', '23', 1, 1, '00:05:14'),
	('9', '24', 1, 1, NULL),
	('9', '25', 2, 1, '01:08:04'),
	('9', '26', 3, 1, '00:59:14'),
	('8', '27', 2, 2, '00:59:10'),
	('9', '28', 4, 1, '00:54:14');


#
# TABLE DATA FOR: film_countries
#

INSERT
	INTO
	`film_countries` (`film_id`, `country_id`)
VALUES 
	('1', '1'),
	('2', '13'),
	('3', '25'),
	('4', '45'),
	('5', '1'),
	('6', '23'),
	('7', '2'),
	('8', '50'),
	('9', '2'),
	('1', '5'),
	('8', '10'),
	('2', '32'),
	('8', '24');



#
# TABLE DATA FOR: actors
#

 INSERT
	INTO
	`actors` (`id`, `first_name`, `last_name`, `created_at`, `updated_at`)
VALUES 
	('1', 'Lucas', 'Schuster', '2011-08-21 19:00:30', '2011-12-31 22:10:14'),
	('2', 'Kelsie', 'Nikolaus', '2014-09-26 09:25:11', '2014-06-16 02:36:14'),
	('3', 'Marianna', 'Weissnat', '2013-09-06 03:19:55', '2019-05-02 04:02:58'),
	('4', 'Paul', 'Walker', '2019-12-27 19:48:31', '2017-11-10 09:52:29'),
	('5', 'Zane', 'Howe', '2018-07-14 00:12:09', '2016-06-22 17:19:49'),
	('6', 'Jared', 'Bartoletti', '2013-01-01 19:41:36', '2019-09-20 03:52:00'),
	('7', 'Elijah', 'Schultz', '2020-06-14 20:38:51', '2018-12-27 00:14:59'),
	('8', 'Pasquale', 'Schneider', '2013-03-23 18:13:43', '2017-05-31 20:30:03'),
	('9', 'Sherwood', 'Bruen', '2012-08-23 21:59:27', '2020-10-17 18:41:14'),
	('10', 'Maximillia', 'Dach', '2019-10-19 18:20:50', '2011-12-13 01:29:52'),
	('11', 'Abigail', 'Doyle', '2017-08-21 09:33:54', '2017-08-21 04:50:03'),
	('12', 'Eriberto', 'Kemmer', '2016-01-24 02:24:47', '2011-08-16 00:23:31'),
	('13', 'Nicklaus', 'Kertzmann', '2016-11-25 21:42:28', '2019-01-21 08:11:13'),
	('14', 'Marietta', 'Roob', '2015-10-07 12:35:28', '2018-01-20 21:27:43'),
	('15', 'Michele', 'Kirlin', '2011-06-13 00:27:20', '2013-05-18 08:12:15'),
	('16', 'Davonte', 'O\' Conner', ' 2020-09-03 10:39:50 ', ' 2012-11-04 11:20:27 '),
	(' 17 ', ' Deborah', ' Thompson', ' 2013-09-22 23:27:06 ', ' 2015-12-12 22:39:41 '),
	(' 18 ', ' Duane', ' Ledner', ' 2020-05-01 01:38:37 ', ' 2016-11-03 01:22:50 '),
	(' 19 ', ' Rhiannon', ' Ward', ' 2018-05-31 19:05:45 ', ' 2018-02-02 05:09:02 '),
	(' 20 ', ' Hildegard', ' Rau', ' 2014-03-05 03:33:13 ', ' 2011-06-11 09:18:12 '),
	(' 21 ', ' Gwendolyn', ' Paucek', ' 2017-09-27 05:22:07 ', ' 2012-11-26 10:55:49 '),
	(' 22 ', ' Frank', ' Boehm', ' 2020-04-12 10:09:14 ', ' 2014-12-07 22:13:36 '),
	(' 23 ', ' Cristal', ' Graham', ' 2013-10-10 18:34:09 ', ' 2016-05-26 03:50:52 '),
	(' 24 ', ' Stephany', ' Osinski', ' 2015-01-25 09:39:39 ', ' 2019-12-27 01:34:31 '),
	(' 25 ', ' Tatyana', ' Kuhic', ' 2017-11-09 12:31:14 ', ' 2020-06-08 21:09:29 '),
	(' 26 ', ' Christiana', ' Armstrong', ' 2018-06-27 19:07:53 ', ' 2015-12-19 05:19:43 '),
	(' 27 ', ' Karelle', ' Bashirian', ' 2011-06-26 03:15:00 ', ' 2016-10-08 17:04:09 '),
	(' 28 ', ' Dayna', ' Jenkins', ' 2020-07-27 18:27:47 ', ' 2016-08-27 19:43:17 '),
	(' 29 ', ' Tyreek', ' Kunze', ' 2017-09-15 04:17:36 ', ' 2020-07-21 02:24:12 '),
	(' 30 ', ' Arely', ' Blanda', ' 2020-09-19 10:13:19 ', ' 2015-10-05 23:04:49 '),
	(' 31 ', ' Leonardo', ' McLaughlin', ' 2015-01-01 03:31:57 ', ' 2014-02-16 12:16:42 '),
	(' 32 ', ' Hazel', ' Hand', ' 2011-04-08 21:45:47 ', ' 2017-11-06 04:29:06 '),
	(' 33 ', ' Justina', ' Osinski', ' 2015-12-19 23:02:37 ', ' 2020-07-25 09:34:26 '),
	(' 34 ', ' Jett', ' Mohr', ' 2015-10-15 13:41:41 ', ' 2020-02-10 05:25:16 '),
	(' 35 ', ' Buddy', ' Baumbach', ' 2018-09-13 13:33:40 ', ' 2014-04-17 02:49:39 '),
	(' 36 ', ' Ines', ' Blick', ' 2018-01-14 09:41:09 ', ' 2020-12-04 00:22:18 '),
	(' 37 ', ' Rubie', ' Jerde', ' 2020-05-23 12:05:55 ', ' 2013-11-14 12:44:58 '),
	(' 38 ', ' Kylee', ' Weber', ' 2012-03-21 15:45:34 ', ' 2013-12-20 01:55:15 '),
	(' 39 ', ' Devan', ' Hintz', ' 2016-03-20 20:48:31 ', ' 2012-06-02 22:17:45 '),
	(' 40 ', ' Felton', ' Reichel', ' 2018-07-16 19:11:17 ', ' 2014-03-08 18:56:32 '),
	(' 41 ', ' Ottis', ' Stroman', ' 2017-09-02 22:03:29 ', ' 2020-12-02 13:54:09 '),
	(' 42 ', ' Newton', ' Jaskolski', ' 2013-05-17 01:14:01 ', ' 2013-02-06 16:12:59 '),
	(' 43 ', ' Mylene', ' Witting', ' 2019-05-23 09:35:00 ', ' 2012-02-25 10:18:24 '),
	(' 44 ', ' Sincere', ' Pollich', ' 2015-11-10 18:47:01 ', ' 2016-04-12 15:06:28 '),
	(' 45 ', ' Angela', ' Kutch', ' 2013-05-04 20:12:23 ', ' 2018-07-11 14:25:28 '),
	(' 46 ', ' Eladio', ' Kuhic', ' 2018-09-11 15:02:40 ', ' 2015-06-18 16:17:38 '),
	(' 47 ', ' Tanya', ' Bosco', ' 2012-03-31 23:12:33 ', ' 2020-09-07 12:00:58 '),
	(' 48 ', ' Berta', ' Cremin', ' 2020-10-25 23:51:11 ', ' 2014-01-25 15:47:10 '),
	(' 49 ', ' Darius', ' Koepp', ' 2014-08-28 12:43:20 ', ' 2011-10-31 06:11:22 '),
	(' 50 ', ' Deven', ' Heller', ' 2016-11-27 08:17:59 ', ' 2015-03-31 08:48:07');
	

#
# TABLE DATA FOR: film_actors

#
 INSERT
	INTO
	`film_actors` (`film_id`, `actor_id`)
VALUES 
	('1', '1'),
	('2', '13'),
	('3', '25'),
	('4', '45'),
	('5', '1'),
	('6', '23'),
	('7', '2'),
	('8', '50'),
	('9', '2'),
	('1', '5'),
	('8', '10'),
	('2', '32'),
	('8', '24');
	

#
# TABLE DATA FOR: genres
#

INSERT
	INTO
	`genres` (`genre`)
VALUES 
	('Action'),
	('Adventure'),
	('Comedy'),
	('Crime'),
	('Drama'),
	('Fantasy'),
	('Historical'),
	('Horror'),
	('Mystery'),
	('Documentary');
	

#
# TABLE DATA FOR: film_genres
#

INSERT
	INTO
	`film_genres` (`film_id`, `genre_id`)
VALUES 
	('1', '1'),
	('2', '10'),
	('3', '9'),
	('4', '1'),
	('5', '2'),
	('6', '4'),
	('7', '2'),
	('8', '8'),
	('9', '1'),
	('1', '7'),
	('8', '10'),
	('2', '7'),
	('8', '1');


#
# TABLE DATA FOR: languages
#

INSERT
	INTO
	`languages` (`language_name`, `created_at`, `updated_at`)
VALUES 
	('pt', '2011-01-04 07:07:35', '2011-11-11 06:47:58'),
	('it', '2012-03-12 04:24:13', '2019-07-21 21:40:38'),
	('en', '2011-10-10 23:43:29', '2015-11-03 05:36:04'),
	('es', '2015-12-25 14:53:04', '2020-07-08 11:10:04'),
	('de', '2020-08-09 12:36:33', '2020-10-08 18:44:24'),
	('cn', '2012-08-29 22:10:02', '2018-06-18 11:53:39'),
	('fr', '2011-06-17 04:45:56', '2018-02-03 14:55:41'),
	('ru', '2016-11-20 21:37:26', '2018-02-07 23:09:48');
	

#
# TABLE DATA FOR: film_languages
#

INSERT
	INTO
	`film_languages` (`film_id`, `language_id`)
VALUES 
	('1', '1'),
	('2', '8'),
	('3', '7'),
	('4', '1'),
	('5', '2'),
	('6', '4'),
	('7', '2'),
	('8', '8'),
	('9', '1'),
	('1', '7'),
	('8', '6'),
	('2', '5'),
	('8', '3');
	

#
# TABLE DATA FOR: user_favorites
#

INSERT
	INTO
	`user_favorites` (`user_id`, `film_id`)
VALUES 
	('1', '1'),
	('1', '2'),
	('1', '8'),
	('2', '1'),
	('2', '6'),
	('3', '1'),
	('3', '2'),
	('3', '7'),
	('3', '9'),
	('4', '1'),
	('5', '2'),
	('6', '7'),
	('7', '9'),
	('8', '4'),
	('8', '7'),
	('9', '5'),
	('10', '6'),
	('11', '7'),
	('12', '5'),
	('13', '6'),
	('13', '2'),
	('13', '8'),
	('14', '7'),
	('15', '5'),
	('15', '2'),
	('15', '6'),
	('15', '8'),
	('16', '6'),
	('17', '2'),
	('18', '8'),
	('19', '7'),
	('20', '6'),
	('20', '8'),
	('20', '4'),
	('21', '8'),
	('22', '6'),
	('22', '2'),
	('23', '2'),
	('24', '8'),
	('24', '3'),
	('25', '7'),
	('26', '6'),
	('26', '1'),
	('26', '3'),
	('27', '8'),
	('27', '5'),
	('27', '9'),
	('28', '4'),
	('29', '8'),
	('30', '6'),
	('30', '5'),
	('30', '4'),
	('30', '3'),
	('30', '2'),
	('31', '2'),
	('32', '2'),
	('33', '8'),
	('34', '3');
	

#
# TABLE DATA FOR: user_ratings
#

INSERT
	INTO
	`user_ratings` (`user_id`, `film_id`, `number_of_stars`)
VALUES 
	('1', '7', 5),
	('1', '2', 1),
	('1', '8', 2),
	('2', '1', 5),
	('2', '6', 4),
	('3', '1', 3),
	('3', '2', 2),
	('3', '7', 5),
	('3', '9', 2),
	('4', '1', 1),
	('5', '2', 3),
	('6', '7', 4),
	('7', '9', 5),
	('8', '4', 2),
	('8', '7', 3),
	('9', '5', 1),
	('10', '6', 3),
	('11', '7', 4),
	('12', '5', 5),
	('13', '6', 4),
	('13', '2', 4),
	('13', '8', 4),
	('14', '7', 3),
	('15', '5', 2),
	('15', '2', 2),
	('15', '6', 2),
	('15', '8', 1),
	('16', '6', 5),
	('17', '2', 5),
	('18', '8', 5),
	('19', '7', 5),
	('20', '6', 5),
	('20', '8', 5),
	('20', '4', 5),
	('21', '8', 2),
	('22', '6', 5),
	('22', '2', 5),
	('23', '2', 4),
	('24', '8', 5),
	('24', '3', 4),
	('25', '7', 5),
	('26', '6', 5),
	('26', '1', 4),
	('26', '3', 5),
	('27', '8', 5),
	('27', '5', 2),
	('27', '9', 5),
	('28', '4', 1),
	('29', '8', 5),
	('30', '6', 5),
	('30', '5', 5),
	('30', '4', 3),
	('30', '3', 5),
	('30', '2', 3),
	('31', '2', 4),
	('32', '2', 2),
	('33', '8', 1),
	('34', '3', 2),
	('25', '8', 3);


#
# TABLE DATA FOR: purchase_types
#

INSERT 
	INTO `purchase_types` (`purchase_type`) 
VALUES 
	('lifetime'), 
	('rent');


#
# TABLE DATA FOR: user_purchases
#

INSERT
	INTO
	`user_purchases` (`user_id`, `film_id`, `purchase_type_id`, `receipt_num`, `expired_at`)
VALUES 
	('1', '2', 2, '7686117a-2c1d-3def-891f-638056c1907f', '2019-10-31 01:34:02'),
	('1', '2', 1, '6ce14260-bfbc-3f56-a3e7-4d463ab5ad69', NULL),
	('2', '2', 2, '8f1d4095-d50b-3afe-9aa1-846a34ccf553', '2018-04-16 18:49:37'),
	('2', '2', 2, 'ba4a8b1a-f526-3b48-b35f-311a7cf7b0f8', '2019-04-16 18:49:37'),
	('3', '3', 1, '129bc0ad-b428-3ffa-870b-6ab84d8fbc03', NULL),
	('14', '5', 1, 'e07432e2-0ff8-3827-bdc7-f26d977d9f3f', NULL),
	('50', '6', 2, '5fe809a3-9708-3084-bd47-15019129f2c3', '2019-12-31 11:34:09'),
	('26', '7', 2, '8943059a-a11c-333b-918b-25e600254758', '2020-11-24 21:34:12'),
	('37', '8', 1, 'ca2c309e-a6eb-378e-a99d-d05f52078710', NULL),
	('18', '9', 2, '215dd238-c89c-30bc-815b-62b65f01b939', '2019-02-21 01:44:52'),
	('29', '8', 1, '78d65591-9e87-39b6-821e-ad1aac8a4770', NULL),
	('14', '2', 1, 'e07432e2-0ff8-3827-bdc7-f26d972d9f3f', '2019-12-21 21:34:52'),
	('40', '7', 1, 'c647fe9d-2407-34dd-a68e-344811c99f5a', NULL),
	('31', '5', 2, '0e61dc00-bf93-3ec9-a716-579d5202b8cd', '2020-05-21 15:30:22'),
	('14', '2', 1, 'e07432e2-0ff8-3827-bdc7-f26e977d9f3f', NULL),
	('12', '6', 1, 'a3e23ca7-e8fe-3c3d-8466-e12ea07c2265', NULL),
	('43', '2', 2, 'a418a956-a73c-3267-a44b-78387e763ec5', '2020-05-10 22:14:32'),
	('43', '2', 1, 'a418a956-a73c-3267-a44b-78387e768ec5', NULL),
	('24', '3', 2, '20a20f83-d181-3dac-baf0-2e2857a875f8', '2019-11-01 23:44:01'),
	('23', '6', 2, 'a0768781-7ab5-39ee-b637-b557bef649b8', DATE_FORMAT(NOW(),'%Y-%m-%d %H:%i:%s')),
	('46', '2', 2, 'f076w781-7ab5-39ee-b637-b557bee649b8', DATE_FORMAT(NOW(),'%Y-%m-%d %H:%i:%s')),
	('35', '2', 2, 'f076g781-7ab5-39ee-b637-b557ben649b8', '2019-11-27 19:04:32');


#
# TABLE DATA FOR: user_is_watching
#

INSERT
	INTO
	`user_is_watching` (`user_id`, `media_id`, `stopped_at`)
VALUES 
	('1', '2', 7200),
	('1', '1', NULL),
	('1', '1', 3654),
	('2', '2', 3765),
	('11', '4', 5405),
	('14', '2', 10300),
	('46', '2', 1852),
	('43', '1', NULL),
	('43', '4', 1985),
	('37', '20', NULL),
	('37', '21', 2854),
	('18', '16', NULL),
	('50', '1', NULL),
	('35', '4', 2987),
	('49', '1', NULL),
	('49', '4', NULL),
	('26', '7', 8040);

